{"cameraMode":{"drawMode":0,"name":"Shaded","section":"Shading Mode"},"sceneLighting":true,"audioPlay":false,"sceneViewState":{"showFog":true,"showMaterialUpdate":false,"showSkybox":true,"showFlares":true,"showImageEffects":true,"showParticleSystems":true},"in2DMode":false,"pivot":{"x":2.084406852722168,"y":2.8644776344299318,"z":0.5260739326477051},"rotation":{"x":-0.014107827097177506,"y":0.8141046166419983,"z":-0.019794411957263948,"w":-0.5802121162414551},"size":7.148601055145264,"orthographic":false}